--
-- PostgreSQL database dump
--

-- Dumped from database version 17.4
-- Dumped by pg_dump version 17.4

-- Started on 2025-05-09 13:31:52

SET statement_timeout = 0;
SET lock_timeout = 0;
SET idle_in_transaction_session_timeout = 0;
SET transaction_timeout = 0;
SET client_encoding = 'UTF8';
SET standard_conforming_strings = on;
SELECT pg_catalog.set_config('search_path', '', false);
SET check_function_bodies = false;
SET xmloption = content;
SET client_min_messages = warning;
SET row_security = off;

SET default_tablespace = '';

SET default_table_access_method = heap;

--
-- TOC entry 217 (class 1259 OID 16407)
-- Name: categories; Type: TABLE; Schema: public; Owner: postgres
--

CREATE TABLE public.categories (
    id bigint NOT NULL,
    title character varying NOT NULL,
    image character varying,
    weight bigint DEFAULT 0 NOT NULL
);


ALTER TABLE public.categories OWNER TO postgres;

--
-- TOC entry 232 (class 1259 OID 24705)
-- Name: categories_id_seq; Type: SEQUENCE; Schema: public; Owner: postgres
--

ALTER TABLE public.categories ALTER COLUMN id ADD GENERATED ALWAYS AS IDENTITY (
    SEQUENCE NAME public.categories_id_seq
    START WITH 50
    INCREMENT BY 1
    NO MINVALUE
    NO MAXVALUE
    CACHE 1
);


--
-- TOC entry 219 (class 1259 OID 16428)
-- Name: item_properties; Type: TABLE; Schema: public; Owner: postgres
--

CREATE TABLE public.item_properties (
    id bigint NOT NULL,
    "itemId" bigint NOT NULL,
    "propertyName" character varying NOT NULL,
    "propertyValue" character varying NOT NULL
);


ALTER TABLE public.item_properties OWNER TO postgres;

--
-- TOC entry 220 (class 1259 OID 16440)
-- Name: item_properties_id_seq; Type: SEQUENCE; Schema: public; Owner: postgres
--

ALTER TABLE public.item_properties ALTER COLUMN id ADD GENERATED ALWAYS AS IDENTITY (
    SEQUENCE NAME public.item_properties_id_seq
    START WITH 1
    INCREMENT BY 1
    NO MINVALUE
    NO MAXVALUE
    CACHE 1
);


--
-- TOC entry 218 (class 1259 OID 16415)
-- Name: items; Type: TABLE; Schema: public; Owner: postgres
--

CREATE TABLE public.items (
    id bigint NOT NULL,
    "categoryId" bigint NOT NULL,
    title character varying NOT NULL,
    description text DEFAULT ''::text NOT NULL,
    image character varying NOT NULL,
    price bigint NOT NULL,
    available bigint NOT NULL
);


ALTER TABLE public.items OWNER TO postgres;

--
-- TOC entry 221 (class 1259 OID 24576)
-- Name: items_extra_images; Type: TABLE; Schema: public; Owner: postgres
--

CREATE TABLE public.items_extra_images (
    id bigint NOT NULL,
    "itemId" bigint NOT NULL,
    image character varying NOT NULL
);


ALTER TABLE public.items_extra_images OWNER TO postgres;

--
-- TOC entry 222 (class 1259 OID 24588)
-- Name: items_extra_images_id_seq; Type: SEQUENCE; Schema: public; Owner: postgres
--

ALTER TABLE public.items_extra_images ALTER COLUMN id ADD GENERATED ALWAYS AS IDENTITY (
    SEQUENCE NAME public.items_extra_images_id_seq
    START WITH 2
    INCREMENT BY 1
    NO MINVALUE
    NO MAXVALUE
    CACHE 1
);


--
-- TOC entry 231 (class 1259 OID 24704)
-- Name: items_id_seq; Type: SEQUENCE; Schema: public; Owner: postgres
--

ALTER TABLE public.items ALTER COLUMN id ADD GENERATED ALWAYS AS IDENTITY (
    SEQUENCE NAME public.items_id_seq
    START WITH 2
    INCREMENT BY 1
    NO MINVALUE
    NO MAXVALUE
    CACHE 1
);


--
-- TOC entry 228 (class 1259 OID 24620)
-- Name: order_items; Type: TABLE; Schema: public; Owner: postgres
--

CREATE TABLE public.order_items (
    id bigint NOT NULL,
    order_id bigint NOT NULL,
    item_id bigint NOT NULL,
    quantity bigint DEFAULT 1
);


ALTER TABLE public.order_items OWNER TO postgres;

--
-- TOC entry 227 (class 1259 OID 24619)
-- Name: order_items_id_seq; Type: SEQUENCE; Schema: public; Owner: postgres
--

ALTER TABLE public.order_items ALTER COLUMN id ADD GENERATED ALWAYS AS IDENTITY (
    SEQUENCE NAME public.order_items_id_seq
    START WITH 1
    INCREMENT BY 1
    NO MINVALUE
    NO MAXVALUE
    CACHE 1
);


--
-- TOC entry 226 (class 1259 OID 24612)
-- Name: orders; Type: TABLE; Schema: public; Owner: postgres
--

CREATE TABLE public.orders (
    id bigint NOT NULL,
    status character varying NOT NULL,
    price_total bigint NOT NULL,
    user_id bigint NOT NULL,
    created_at timestamp without time zone NOT NULL,
    altered_at timestamp without time zone NOT NULL
);


ALTER TABLE public.orders OWNER TO postgres;

--
-- TOC entry 229 (class 1259 OID 24635)
-- Name: orders_id_seq; Type: SEQUENCE; Schema: public; Owner: postgres
--

ALTER TABLE public.orders ALTER COLUMN id ADD GENERATED BY DEFAULT AS IDENTITY (
    SEQUENCE NAME public.orders_id_seq
    START WITH 1
    INCREMENT BY 1
    NO MINVALUE
    NO MAXVALUE
    CACHE 1
);


--
-- TOC entry 225 (class 1259 OID 24598)
-- Name: user_tokens; Type: TABLE; Schema: public; Owner: postgres
--

CREATE TABLE public.user_tokens (
    id bigint NOT NULL,
    token character varying NOT NULL,
    user_id bigint NOT NULL,
    warning_date timestamp without time zone NOT NULL,
    expire_date timestamp without time zone NOT NULL
);


ALTER TABLE public.user_tokens OWNER TO postgres;

--
-- TOC entry 230 (class 1259 OID 24636)
-- Name: user_tokens_id_seq; Type: SEQUENCE; Schema: public; Owner: postgres
--

ALTER TABLE public.user_tokens ALTER COLUMN id ADD GENERATED ALWAYS AS IDENTITY (
    SEQUENCE NAME public.user_tokens_id_seq
    START WITH 1
    INCREMENT BY 1
    NO MINVALUE
    NO MAXVALUE
    CACHE 1
);


--
-- TOC entry 223 (class 1259 OID 24589)
-- Name: users; Type: TABLE; Schema: public; Owner: postgres
--

CREATE TABLE public.users (
    id bigint NOT NULL,
    login character varying NOT NULL,
    password_hash character varying NOT NULL,
    first_name character varying NOT NULL,
    last_name character varying NOT NULL,
    father_name character varying,
    phone character varying NOT NULL,
    email character varying NOT NULL,
    is_admin boolean DEFAULT false NOT NULL
);


ALTER TABLE public.users OWNER TO postgres;

--
-- TOC entry 224 (class 1259 OID 24597)
-- Name: users_id_seq; Type: SEQUENCE; Schema: public; Owner: postgres
--

ALTER TABLE public.users ALTER COLUMN id ADD GENERATED ALWAYS AS IDENTITY (
    SEQUENCE NAME public.users_id_seq
    START WITH 1
    INCREMENT BY 1
    NO MINVALUE
    NO MAXVALUE
    CACHE 1
);


--
-- TOC entry 4904 (class 0 OID 16407)
-- Dependencies: 217
-- Data for Name: categories; Type: TABLE DATA; Schema: public; Owner: postgres
--

INSERT INTO public.categories (id, title, image, weight) OVERRIDING SYSTEM VALUE VALUES (2, 'Тентовые ткани', 'fabricsCover.jpg', 10);
INSERT INTO public.categories (id, title, image, weight) OVERRIDING SYSTEM VALUE VALUES (3, 'Тесьма отделочная', 'braidCover.jpg', 0);
INSERT INTO public.categories (id, title, image, weight) OVERRIDING SYSTEM VALUE VALUES (4, 'Плёнка ПВХ', 'wrapCover.jpg', 0);
INSERT INTO public.categories (id, title, image, weight) OVERRIDING SYSTEM VALUE VALUES (5, 'Разъёмные молнии', 'rollZipperCover.jpg', 0);
INSERT INTO public.categories (id, title, image, weight) OVERRIDING SYSTEM VALUE VALUES (6, 'Рулонные молнии', 'tractorZipperCover.jpg', 0);
INSERT INTO public.categories (id, title, image, weight) OVERRIDING SYSTEM VALUE VALUES (7, 'Услуги', 'servicesCover.jpg', 0);
INSERT INTO public.categories (id, title, image, weight) OVERRIDING SYSTEM VALUE VALUES (1, 'Продукция фирмы dot', '0bfc4495-c245-4dbb-988e-39987acbf808.jpg', 5);


--
-- TOC entry 4906 (class 0 OID 16428)
-- Dependencies: 219
-- Data for Name: item_properties; Type: TABLE DATA; Schema: public; Owner: postgres
--

INSERT INTO public.item_properties (id, "itemId", "propertyName", "propertyValue") OVERRIDING SYSTEM VALUE VALUES (62, 3, 'Длинна', '1 м.');
INSERT INTO public.item_properties (id, "itemId", "propertyName", "propertyValue") OVERRIDING SYSTEM VALUE VALUES (30, 1, 'Шляпка диаметр', '15.24 мм');
INSERT INTO public.item_properties (id, "itemId", "propertyName", "propertyValue") OVERRIDING SYSTEM VALUE VALUES (31, 1, 'Высота', '4.32 мм');
INSERT INTO public.item_properties (id, "itemId", "propertyName", "propertyValue") OVERRIDING SYSTEM VALUE VALUES (32, 1, 'Гнездо внутренний диаметр', '11.024 мм');
INSERT INTO public.item_properties (id, "itemId", "propertyName", "propertyValue") OVERRIDING SYSTEM VALUE VALUES (58, 2, 'Высота поворотной кнопки', '17,27 мм');
INSERT INTO public.item_properties (id, "itemId", "propertyName", "propertyValue") OVERRIDING SYSTEM VALUE VALUES (59, 2, 'Высота люверса-запонки', '8,5 мм');
INSERT INTO public.item_properties (id, "itemId", "propertyName", "propertyValue") OVERRIDING SYSTEM VALUE VALUES (60, 2, 'Внешний диаметр', '21 мм.* 13,4 мм');
INSERT INTO public.item_properties (id, "itemId", "propertyName", "propertyValue") OVERRIDING SYSTEM VALUE VALUES (61, 2, 'Внутренний диаметр', '14,7 мм. * 8,7 мм');


--
-- TOC entry 4905 (class 0 OID 16415)
-- Dependencies: 218
-- Data for Name: items; Type: TABLE DATA; Schema: public; Owner: postgres
--

INSERT INTO public.items (id, "categoryId", title, description, image, price, available) OVERRIDING SYSTEM VALUE VALUES (1, 1, 'Кнопка DOT тентовая', 'Кнопка установочная для ремонта лодочных тентов. Комплект из двух деталей: шляпки и гнезда. Материал - латунь, не ржавеет.', 'dot.png', 999, 4);
INSERT INTO public.items (id, "categoryId", title, description, image, price, available) OVERRIDING SYSTEM VALUE VALUES (2, 1, 'Тентовая поворотная застёжка COMMON SENSE 17,27 мм', 'Этот набор никелированных креплений DOT Common Sense содержит все детали, необходимые для крепления тента к корпусу судна. В комплект входит 3 детали: поворотная кнопка Turn Buttons, люверс-запонка Grommet, пластина крепления люверса Washer. Детали изготовлены из латуни, не ржавеют.

Поворотная кнопка крепится на корпусе судна с помощью саморезов, люверс и пластина - на тенте. По форме внутреннего отверстия люверса на ткани тента пробивается оверстие. В дальнейшем тент через люверс быстро фиксируется на месте простым поворотом кнопки.

Так же данный вид крепления подходит для фиксации к поверхности быстросъёмных мягких окон и пологов.
', '7263a248-eaa6-4f18-ad80-ac4344a94cd5.jpg', 476, 7);
INSERT INTO public.items (id, "categoryId", title, description, image, price, available) OVERRIDING SYSTEM VALUE VALUES (3, 2, 'Ткань', 'Ткань', '3e443afd-9aa0-48f4-94d0-e1b9da0e02a7.jpg', 500, 1);


--
-- TOC entry 4908 (class 0 OID 24576)
-- Dependencies: 221
-- Data for Name: items_extra_images; Type: TABLE DATA; Schema: public; Owner: postgres
--

INSERT INTO public.items_extra_images (id, "itemId", image) OVERRIDING SYSTEM VALUE VALUES (13, 1, 'wrapCover.jpg');
INSERT INTO public.items_extra_images (id, "itemId", image) OVERRIDING SYSTEM VALUE VALUES (31, 2, 'd7442eda-ff74-4597-a67a-6294ece4824d.jpg');
INSERT INTO public.items_extra_images (id, "itemId", image) OVERRIDING SYSTEM VALUE VALUES (32, 2, '517425c0-29e9-432c-8675-fc7725e6304b.jpg');
INSERT INTO public.items_extra_images (id, "itemId", image) OVERRIDING SYSTEM VALUE VALUES (33, 2, '44a7110f-e1da-4be2-a5a2-ad7b2250fd9d.jpg');


--
-- TOC entry 4915 (class 0 OID 24620)
-- Dependencies: 228
-- Data for Name: order_items; Type: TABLE DATA; Schema: public; Owner: postgres
--

INSERT INTO public.order_items (id, order_id, item_id, quantity) OVERRIDING SYSTEM VALUE VALUES (5, 7, 1, 2);
INSERT INTO public.order_items (id, order_id, item_id, quantity) OVERRIDING SYSTEM VALUE VALUES (6, 8, 1, 2);


--
-- TOC entry 4913 (class 0 OID 24612)
-- Dependencies: 226
-- Data for Name: orders; Type: TABLE DATA; Schema: public; Owner: postgres
--

INSERT INTO public.orders (id, status, price_total, user_id, created_at, altered_at) VALUES (7, 'Новый', 1998, 15, '2025-05-06 14:39:40.321493', '2025-05-06 14:39:40.321493');
INSERT INTO public.orders (id, status, price_total, user_id, created_at, altered_at) VALUES (8, 'Новый', 2000, 15, '2025-05-08 11:09:22.644567', '2025-05-08 11:09:22.644567');


--
-- TOC entry 4912 (class 0 OID 24598)
-- Dependencies: 225
-- Data for Name: user_tokens; Type: TABLE DATA; Schema: public; Owner: postgres
--

INSERT INTO public.user_tokens (id, token, user_id, warning_date, expire_date) OVERRIDING SYSTEM VALUE VALUES (1, '6ad5776f307b497f66abf2be91bfd3a9efcc06ba78bd0d0f1af43493926fff79', 15, '2025-05-02 22:55:00.211473', '2025-05-03 22:55:00.211473');
INSERT INTO public.user_tokens (id, token, user_id, warning_date, expire_date) OVERRIDING SYSTEM VALUE VALUES (2, '82562434eab9b21f430f15a3b04458f9c070a0269b92eb69f9a9d0676bc66678', 15, '2025-05-02 22:55:47.848918', '2025-05-03 22:55:47.848918');
INSERT INTO public.user_tokens (id, token, user_id, warning_date, expire_date) OVERRIDING SYSTEM VALUE VALUES (3, 'bbf5985d738d2ba2ff59b2fabc276c86c1b462c7236067520cc0637fd1b81aaa', 15, '2025-05-05 13:00:41.514091', '2025-05-06 13:00:41.514091');
INSERT INTO public.user_tokens (id, token, user_id, warning_date, expire_date) OVERRIDING SYSTEM VALUE VALUES (4, '3ca530128562bbe3ba6783fc7120975209244905fa3b70b24caea205c6b325fa', 15, '2025-05-07 14:26:17.606896', '2025-05-08 14:26:17.606896');
INSERT INTO public.user_tokens (id, token, user_id, warning_date, expire_date) OVERRIDING SYSTEM VALUE VALUES (5, '833e877b700ff75b167abeb6e58043fd22e22ce5e60a041df7c7b572635c9d1d', 15, '2025-05-07 16:08:57.109421', '2025-05-08 16:08:57.109421');
INSERT INTO public.user_tokens (id, token, user_id, warning_date, expire_date) OVERRIDING SYSTEM VALUE VALUES (6, '2953de1406556ac8e5c8a7cdeac0fca0c1619f76e29ffdc776cae7a4187d62b1', 15, '2025-05-07 16:50:09.389136', '2025-05-08 16:50:09.389136');
INSERT INTO public.user_tokens (id, token, user_id, warning_date, expire_date) OVERRIDING SYSTEM VALUE VALUES (7, '57936641b57fdc2461d88b82fa205f9554763c8a10e31cde1893a2debfb6d54f', 15, '2025-05-07 16:50:28.342259', '2025-05-08 16:50:28.342259');
INSERT INTO public.user_tokens (id, token, user_id, warning_date, expire_date) OVERRIDING SYSTEM VALUE VALUES (8, 'd2d051d8cc549c4dcb3adc7794d91d008965c6dc9785ae7f1dd812b25ae5a07a', 15, '2025-05-07 16:50:48.472536', '2025-05-08 16:50:48.472536');
INSERT INTO public.user_tokens (id, token, user_id, warning_date, expire_date) OVERRIDING SYSTEM VALUE VALUES (9, 'e3747372cd9ded9b06f08b7ebc035f4ee4fa46e0483edd055e546f5adae15870', 15, '2025-05-07 16:51:20.524683', '2025-05-08 16:51:20.524683');
INSERT INTO public.user_tokens (id, token, user_id, warning_date, expire_date) OVERRIDING SYSTEM VALUE VALUES (10, 'fc079b78c27c7c9c3ab35cd7b53206210d5efcade3a607571fd1d4412cf500e1', 15, '2025-05-07 16:52:16.717837', '2025-05-08 16:52:16.717837');
INSERT INTO public.user_tokens (id, token, user_id, warning_date, expire_date) OVERRIDING SYSTEM VALUE VALUES (11, 'b74f2d94894889c98f213c4b1195330abd06623601f4eb7b7db27630b03b3c24', 15, '2025-05-07 16:52:44.033107', '2025-05-08 16:52:44.033107');
INSERT INTO public.user_tokens (id, token, user_id, warning_date, expire_date) OVERRIDING SYSTEM VALUE VALUES (12, '3c1c03467663c6c1669f1c93b738cc62faa14157bbc30fa0e372da055bf2fde4', 15, '2025-05-07 16:53:16.649915', '2025-05-08 16:53:16.649915');
INSERT INTO public.user_tokens (id, token, user_id, warning_date, expire_date) OVERRIDING SYSTEM VALUE VALUES (13, '7a684a164b32d865d771e453c14ae74fa5809ec56caec1ec2f18dbe6107256a3', 15, '2025-05-07 16:53:31.706215', '2025-05-08 16:53:31.706215');
INSERT INTO public.user_tokens (id, token, user_id, warning_date, expire_date) OVERRIDING SYSTEM VALUE VALUES (14, '49939b3da1366a191706f9321f626cc585ed384e9e907c39af504e58a4b57562', 15, '2025-05-07 16:54:32.406259', '2025-05-08 16:54:32.406259');
INSERT INTO public.user_tokens (id, token, user_id, warning_date, expire_date) OVERRIDING SYSTEM VALUE VALUES (15, '518cadabe5e0f4679d71edbc00e666c0f232c9d0c5e839b88d0e6dc4287bd382', 15, '2025-05-07 16:54:39.574849', '2025-05-08 16:54:39.574849');
INSERT INTO public.user_tokens (id, token, user_id, warning_date, expire_date) OVERRIDING SYSTEM VALUE VALUES (16, '4bf231a1ed5615bdab25f22e3a830a7d286306ee879a88d29a3807705c429181', 15, '2025-05-07 16:54:45.12426', '2025-05-08 16:54:45.12426');
INSERT INTO public.user_tokens (id, token, user_id, warning_date, expire_date) OVERRIDING SYSTEM VALUE VALUES (17, 'd847c7c4906c56858514249b32479749af944d4a65c3dd312a172493ba18008f', 15, '2025-05-07 16:54:52.970392', '2025-05-08 16:54:52.970392');
INSERT INTO public.user_tokens (id, token, user_id, warning_date, expire_date) OVERRIDING SYSTEM VALUE VALUES (18, '51035ae67d47b37dccb962e3383db3b495f6d0cda1aff8effe896ec2710c9ce6', 15, '2025-05-07 16:55:24.054025', '2025-05-08 16:55:24.054025');
INSERT INTO public.user_tokens (id, token, user_id, warning_date, expire_date) OVERRIDING SYSTEM VALUE VALUES (19, '08049ddd02101941330d57e36baf1ebf85ee3e63d671c50490cd0161611a1e22', 15, '2025-05-07 16:55:29.992429', '2025-05-08 16:55:29.992429');
INSERT INTO public.user_tokens (id, token, user_id, warning_date, expire_date) OVERRIDING SYSTEM VALUE VALUES (20, '8c7ed379a289ba15fca8ce70b90801ebdb356ca262a5eb629812af754594b6de', 15, '2025-05-07 16:55:46.729443', '2025-05-08 16:55:46.729443');
INSERT INTO public.user_tokens (id, token, user_id, warning_date, expire_date) OVERRIDING SYSTEM VALUE VALUES (21, 'eeadcc5376143ec1fd9619cc237b3e5a004caf309660f165716fc3dc04606991', 15, '2025-05-07 16:55:57.306938', '2025-05-08 16:55:57.306938');
INSERT INTO public.user_tokens (id, token, user_id, warning_date, expire_date) OVERRIDING SYSTEM VALUE VALUES (22, 'b7a9c738431f997bd9c604bf7740d01ceb1322c872c281186116479c167219e3', 15, '2025-05-07 16:56:35.814204', '2025-05-08 16:56:35.814204');
INSERT INTO public.user_tokens (id, token, user_id, warning_date, expire_date) OVERRIDING SYSTEM VALUE VALUES (23, '7b9f2a8deebc90535dbd13d5b044be4b08a7de20b77657ca848fe2030287cad3', 15, '2025-05-07 16:57:27.518803', '2025-05-08 16:57:27.518803');
INSERT INTO public.user_tokens (id, token, user_id, warning_date, expire_date) OVERRIDING SYSTEM VALUE VALUES (24, 'b2c747210703a7f5db50ecfbc35899921bd2d15a1ea3d40cf46d696155e15d9e', 15, '2025-05-07 16:58:17.867249', '2025-05-08 16:58:17.867249');
INSERT INTO public.user_tokens (id, token, user_id, warning_date, expire_date) OVERRIDING SYSTEM VALUE VALUES (25, 'bb3792c39b49a51e90cb4e1420d3b12d5b9f00ffe9fb01679eceba251f78315b', 15, '2025-05-07 16:58:53.866101', '2025-05-08 16:58:53.866101');
INSERT INTO public.user_tokens (id, token, user_id, warning_date, expire_date) OVERRIDING SYSTEM VALUE VALUES (26, '9a78b60265b3f8ec4d7af8b82eab91f1ad719bfd9941cfc88198c685f0e10a6b', 15, '2025-05-07 17:07:28.586119', '2025-05-08 17:07:28.586119');
INSERT INTO public.user_tokens (id, token, user_id, warning_date, expire_date) OVERRIDING SYSTEM VALUE VALUES (27, 'bcd3005f05e2dbcb49c1a3f160b2248eaab20713088ab5a2ee3e56c4dcb8f60f', 15, '2025-05-07 17:56:53.205892', '2025-05-08 17:56:53.205892');
INSERT INTO public.user_tokens (id, token, user_id, warning_date, expire_date) OVERRIDING SYSTEM VALUE VALUES (28, 'faa8a106aeb4a5feddbdaaebaa305480c7febc24301c49327a7d72d593ec9bb5', 15, '2025-05-07 17:57:37.837086', '2025-05-08 17:57:37.837086');
INSERT INTO public.user_tokens (id, token, user_id, warning_date, expire_date) OVERRIDING SYSTEM VALUE VALUES (29, 'cd27f0b8fa0553ce978336d0d3ef8339d6afc8731c875a8de6894c920cab83d3', 15, '2025-05-07 20:30:52.759457', '2025-05-08 20:30:52.759457');
INSERT INTO public.user_tokens (id, token, user_id, warning_date, expire_date) OVERRIDING SYSTEM VALUE VALUES (30, '188a1132ec220c8c91443c3658fe6d5dd9833f70fb9f9bebd7b35b3cb68f141f', 15, '2025-05-07 20:32:51.867273', '2025-05-08 20:32:51.867273');
INSERT INTO public.user_tokens (id, token, user_id, warning_date, expire_date) OVERRIDING SYSTEM VALUE VALUES (31, '880e895064737208b13cde43894802b62643ae55ae53ba15ed79668addf4e19d', 15, '2025-05-07 20:33:14.031181', '2025-05-08 20:33:14.031181');
INSERT INTO public.user_tokens (id, token, user_id, warning_date, expire_date) OVERRIDING SYSTEM VALUE VALUES (32, '2b9aa447191711586b24d1ee6e626ce55224247f40996146ac844bed251b983a', 16, '2025-05-07 20:57:12.05177', '2025-05-08 20:57:12.05177');
INSERT INTO public.user_tokens (id, token, user_id, warning_date, expire_date) OVERRIDING SYSTEM VALUE VALUES (33, '93624c609a5a41f6fdbf4a73b05ba85476b00b670da1c89a5cfdfc8238fb7936', 17, '2025-05-07 20:57:43.030161', '2025-05-08 20:57:43.030161');
INSERT INTO public.user_tokens (id, token, user_id, warning_date, expire_date) OVERRIDING SYSTEM VALUE VALUES (34, 'e942cdb8b63da3c7c71660995bbf295db96ea8f2f8279c6e79b232dd1d941114', 17, '2025-05-07 20:57:53.826656', '2025-05-08 20:57:53.826656');
INSERT INTO public.user_tokens (id, token, user_id, warning_date, expire_date) OVERRIDING SYSTEM VALUE VALUES (35, 'bfd4065cfb410e11018a1827372baa83884ec60951ab867bdfa87c5d2c3a8d40', 15, '2025-05-07 21:02:31.198542', '2025-05-08 21:02:31.198542');
INSERT INTO public.user_tokens (id, token, user_id, warning_date, expire_date) OVERRIDING SYSTEM VALUE VALUES (36, 'aa13ec9a20d117dccd7b1d984f279a16af89ef6c9914ee18659df991701ca8db', 15, '2025-05-07 21:03:30.642503', '2025-05-08 21:03:30.642503');
INSERT INTO public.user_tokens (id, token, user_id, warning_date, expire_date) OVERRIDING SYSTEM VALUE VALUES (37, 'c17b2e31a5e7b8d74c9eccd52a179218b116e69b2693d9a591cb2f353702815e', 15, '2025-05-07 21:04:14.21309', '2025-05-08 21:04:14.21309');
INSERT INTO public.user_tokens (id, token, user_id, warning_date, expire_date) OVERRIDING SYSTEM VALUE VALUES (38, 'f4ccb4a0dc81c6b5a52a201f88ea374855379bfd303f7e860b45f12bdd021757', 15, '2025-05-07 21:06:21.780842', '2025-05-08 21:06:21.780842');
INSERT INTO public.user_tokens (id, token, user_id, warning_date, expire_date) OVERRIDING SYSTEM VALUE VALUES (39, 'e0e08f809454d99abf3a11354d5f9f4bacf7192c6a5f006a1846bdbe3745fbcf', 15, '2025-05-07 21:07:17.688157', '2025-05-08 21:07:17.688157');
INSERT INTO public.user_tokens (id, token, user_id, warning_date, expire_date) OVERRIDING SYSTEM VALUE VALUES (40, '16d9572739256be26e64fb63b221dfae63a281d8bc108cf4cc616e83aa89857d', 15, '2025-05-07 21:07:44.83421', '2025-05-08 21:07:44.83421');
INSERT INTO public.user_tokens (id, token, user_id, warning_date, expire_date) OVERRIDING SYSTEM VALUE VALUES (41, 'be50939c0aa499e3c13bb191f4336b0b88caeeab91ca6d9a782783951e08e21c', 15, '2025-05-07 21:08:14.061507', '2025-05-08 21:08:14.061507');
INSERT INTO public.user_tokens (id, token, user_id, warning_date, expire_date) OVERRIDING SYSTEM VALUE VALUES (42, '95eda91d5a98c9f0aafaa09f3aebb7f514e26c89b96d2715d2214ef05ef07df7', 15, '2025-05-07 21:08:51.829712', '2025-05-08 21:08:51.829712');
INSERT INTO public.user_tokens (id, token, user_id, warning_date, expire_date) OVERRIDING SYSTEM VALUE VALUES (43, '375cf1bed516b6f4ad65a1039c7c75205dd6c8d41bd0f24c8e8555585c55a5a6', 15, '2025-05-07 21:09:12.059053', '2025-05-08 21:09:12.059053');
INSERT INTO public.user_tokens (id, token, user_id, warning_date, expire_date) OVERRIDING SYSTEM VALUE VALUES (44, '26ed47c45f003233b50ee1dc9b20698997ce2123e6ff529b45d608011cc10ffb', 15, '2025-05-07 21:10:55.270008', '2025-05-08 21:10:55.270008');
INSERT INTO public.user_tokens (id, token, user_id, warning_date, expire_date) OVERRIDING SYSTEM VALUE VALUES (45, '6c4f94c588b538e1773ad206af32baef454597763a4b922f52529faba71bbc17', 15, '2025-05-07 21:11:51.681503', '2025-05-08 21:11:51.681503');
INSERT INTO public.user_tokens (id, token, user_id, warning_date, expire_date) OVERRIDING SYSTEM VALUE VALUES (46, 'e473fec5f75e4c1fca56ca45c66217584f80217b1913bcefa8f2b738c2568c0b', 15, '2025-05-08 15:12:59.573455', '2025-05-09 15:12:59.573455');
INSERT INTO public.user_tokens (id, token, user_id, warning_date, expire_date) OVERRIDING SYSTEM VALUE VALUES (47, '2ce24a137f114f39ea802c7ba585395e9435b3b779f6834205677d7f40190e09', 15, '2025-05-08 15:31:29.130793', '2025-05-09 15:31:29.130793');
INSERT INTO public.user_tokens (id, token, user_id, warning_date, expire_date) OVERRIDING SYSTEM VALUE VALUES (48, '114e207a47a5c3a8e6fdef3292f95600f9e4047c66e409270e2938caca3c0f1d', 15, '2025-05-08 15:31:43.862525', '2025-05-09 15:31:43.862525');
INSERT INTO public.user_tokens (id, token, user_id, warning_date, expire_date) OVERRIDING SYSTEM VALUE VALUES (49, 'e55654feec6c1903d30709ca5390dd360de9b5c27dcc19fb478eb8333ec44e27', 17, '2025-05-08 15:33:38.553298', '2025-05-09 15:33:38.553298');
INSERT INTO public.user_tokens (id, token, user_id, warning_date, expire_date) OVERRIDING SYSTEM VALUE VALUES (50, 'ed708cec48bd4bfe106d2916b3349e80ae0e4996291999f34a30d75bd7631913', 15, '2025-05-08 15:33:44.415255', '2025-05-09 15:33:44.415255');
INSERT INTO public.user_tokens (id, token, user_id, warning_date, expire_date) OVERRIDING SYSTEM VALUE VALUES (51, '0d087a93baead8e6d579e1d4c359c69f5d471630f1d6dec9628e24873a503374', 15, '2025-05-08 15:34:40.409556', '2025-05-09 15:34:40.409556');
INSERT INTO public.user_tokens (id, token, user_id, warning_date, expire_date) OVERRIDING SYSTEM VALUE VALUES (52, '5e36221d005677480eb117dddbe74a1c8e6816a2a992f1532e9f213174aa4b5f', 15, '2025-05-08 15:35:08.82622', '2025-05-09 15:35:08.82622');
INSERT INTO public.user_tokens (id, token, user_id, warning_date, expire_date) OVERRIDING SYSTEM VALUE VALUES (53, 'bfdb2615e2066146869c6589da961ae9a8372c9ab1805f4420ff937e4bb7d3e9', 17, '2025-05-08 15:46:39.967539', '2025-05-09 15:46:39.967539');
INSERT INTO public.user_tokens (id, token, user_id, warning_date, expire_date) OVERRIDING SYSTEM VALUE VALUES (54, '7a88387754280b32d2f7e8b2b24128aa84db3a4c78d912c6d56346256ea6bdbe', 15, '2025-05-09 10:20:15.310487', '2025-05-10 10:20:15.310487');
INSERT INTO public.user_tokens (id, token, user_id, warning_date, expire_date) OVERRIDING SYSTEM VALUE VALUES (55, 'bb75026473423f4a72a580d062603d13f841595344fa75d7b1d487eeda8c6a93', 15, '2025-05-09 11:06:39.480961', '2025-05-10 11:06:39.480961');
INSERT INTO public.user_tokens (id, token, user_id, warning_date, expire_date) OVERRIDING SYSTEM VALUE VALUES (56, '1832404335a74ab5b8bb959f051bc4c690d2a5e2edce6dfc811431bb724d9351', 15, '2025-05-10 09:55:43.447435', '2025-05-11 09:55:43.447435');


--
-- TOC entry 4910 (class 0 OID 24589)
-- Dependencies: 223
-- Data for Name: users; Type: TABLE DATA; Schema: public; Owner: postgres
--

INSERT INTO public.users (id, login, password_hash, first_name, last_name, father_name, phone, email, is_admin) OVERRIDING SYSTEM VALUE VALUES (17, 'test1', '$2a$10$kR6SW9PbP3vaF61wQh6BP.iNseMgoB2F/B6fLk8OAQ4ifsFgTMAq6', 'Тест', 'Тест', 'Тест', '+79271234546', 'test@mail.ru', false);
INSERT INTO public.users (id, login, password_hash, first_name, last_name, father_name, phone, email, is_admin) OVERRIDING SYSTEM VALUE VALUES (16, 'test', '$2a$10$7Go4bkFS8pWDwQYVQsqg2uAN26ryTpowzmpwNaYPao8I7HujDeKvW', 'Тест', 'Тест', 'Тест', '+79271234546', 'test@mail.ru', false);
INSERT INTO public.users (id, login, password_hash, first_name, last_name, father_name, phone, email, is_admin) OVERRIDING SYSTEM VALUE VALUES (15, 'Gosya', '$2a$10$QdC8yaQIKJVHon5Il/QNsuew/O1.piBYLnGyDVM.dEX1iVQDzF0me', 'Админ', 'Админ', 'Админ', '+79372403405', 'example@mail.ru', true);


--
-- TOC entry 4925 (class 0 OID 0)
-- Dependencies: 232
-- Name: categories_id_seq; Type: SEQUENCE SET; Schema: public; Owner: postgres
--

SELECT pg_catalog.setval('public.categories_id_seq', 50, false);


--
-- TOC entry 4926 (class 0 OID 0)
-- Dependencies: 220
-- Name: item_properties_id_seq; Type: SEQUENCE SET; Schema: public; Owner: postgres
--

SELECT pg_catalog.setval('public.item_properties_id_seq', 62, true);


--
-- TOC entry 4927 (class 0 OID 0)
-- Dependencies: 222
-- Name: items_extra_images_id_seq; Type: SEQUENCE SET; Schema: public; Owner: postgres
--

SELECT pg_catalog.setval('public.items_extra_images_id_seq', 33, true);


--
-- TOC entry 4928 (class 0 OID 0)
-- Dependencies: 231
-- Name: items_id_seq; Type: SEQUENCE SET; Schema: public; Owner: postgres
--

SELECT pg_catalog.setval('public.items_id_seq', 3, true);


--
-- TOC entry 4929 (class 0 OID 0)
-- Dependencies: 227
-- Name: order_items_id_seq; Type: SEQUENCE SET; Schema: public; Owner: postgres
--

SELECT pg_catalog.setval('public.order_items_id_seq', 6, true);


--
-- TOC entry 4930 (class 0 OID 0)
-- Dependencies: 229
-- Name: orders_id_seq; Type: SEQUENCE SET; Schema: public; Owner: postgres
--

SELECT pg_catalog.setval('public.orders_id_seq', 8, true);


--
-- TOC entry 4931 (class 0 OID 0)
-- Dependencies: 230
-- Name: user_tokens_id_seq; Type: SEQUENCE SET; Schema: public; Owner: postgres
--

SELECT pg_catalog.setval('public.user_tokens_id_seq', 56, true);


--
-- TOC entry 4932 (class 0 OID 0)
-- Dependencies: 224
-- Name: users_id_seq; Type: SEQUENCE SET; Schema: public; Owner: postgres
--

SELECT pg_catalog.setval('public.users_id_seq', 17, true);


--
-- TOC entry 4735 (class 2606 OID 16413)
-- Name: categories categories_pkey; Type: CONSTRAINT; Schema: public; Owner: postgres
--

ALTER TABLE ONLY public.categories
    ADD CONSTRAINT categories_pkey PRIMARY KEY (id);


--
-- TOC entry 4739 (class 2606 OID 16434)
-- Name: item_properties item_properties_pkey; Type: CONSTRAINT; Schema: public; Owner: postgres
--

ALTER TABLE ONLY public.item_properties
    ADD CONSTRAINT item_properties_pkey PRIMARY KEY (id);


--
-- TOC entry 4741 (class 2606 OID 24582)
-- Name: items_extra_images items_extra_images_pkey; Type: CONSTRAINT; Schema: public; Owner: postgres
--

ALTER TABLE ONLY public.items_extra_images
    ADD CONSTRAINT items_extra_images_pkey PRIMARY KEY (id);


--
-- TOC entry 4737 (class 2606 OID 16422)
-- Name: items items_pkey; Type: CONSTRAINT; Schema: public; Owner: postgres
--

ALTER TABLE ONLY public.items
    ADD CONSTRAINT items_pkey PRIMARY KEY (id);


--
-- TOC entry 4751 (class 2606 OID 24624)
-- Name: order_items order_items_pkey; Type: CONSTRAINT; Schema: public; Owner: postgres
--

ALTER TABLE ONLY public.order_items
    ADD CONSTRAINT order_items_pkey PRIMARY KEY (id);


--
-- TOC entry 4749 (class 2606 OID 24618)
-- Name: orders orders_pkey; Type: CONSTRAINT; Schema: public; Owner: postgres
--

ALTER TABLE ONLY public.orders
    ADD CONSTRAINT orders_pkey PRIMARY KEY (id);


--
-- TOC entry 4745 (class 2606 OID 24606)
-- Name: user_tokens token; Type: CONSTRAINT; Schema: public; Owner: postgres
--

ALTER TABLE ONLY public.user_tokens
    ADD CONSTRAINT token UNIQUE (token);


--
-- TOC entry 4747 (class 2606 OID 24604)
-- Name: user_tokens user_tokens_pkey; Type: CONSTRAINT; Schema: public; Owner: postgres
--

ALTER TABLE ONLY public.user_tokens
    ADD CONSTRAINT user_tokens_pkey PRIMARY KEY (id);


--
-- TOC entry 4743 (class 2606 OID 24596)
-- Name: users users_pkey; Type: CONSTRAINT; Schema: public; Owner: postgres
--

ALTER TABLE ONLY public.users
    ADD CONSTRAINT users_pkey PRIMARY KEY (id);


--
-- TOC entry 4754 (class 2606 OID 24583)
-- Name: items_extra_images itemId; Type: FK CONSTRAINT; Schema: public; Owner: postgres
--

ALTER TABLE ONLY public.items_extra_images
    ADD CONSTRAINT "itemId" FOREIGN KEY ("itemId") REFERENCES public.items(id) NOT VALID;


--
-- TOC entry 4757 (class 2606 OID 24630)
-- Name: order_items item_id; Type: FK CONSTRAINT; Schema: public; Owner: postgres
--

ALTER TABLE ONLY public.order_items
    ADD CONSTRAINT item_id FOREIGN KEY (item_id) REFERENCES public.items(id) NOT VALID;


--
-- TOC entry 4753 (class 2606 OID 16435)
-- Name: item_properties item_properties_itemId_fkey; Type: FK CONSTRAINT; Schema: public; Owner: postgres
--

ALTER TABLE ONLY public.item_properties
    ADD CONSTRAINT "item_properties_itemId_fkey" FOREIGN KEY ("itemId") REFERENCES public.items(id);


--
-- TOC entry 4752 (class 2606 OID 16423)
-- Name: items items_categoryId_fkey; Type: FK CONSTRAINT; Schema: public; Owner: postgres
--

ALTER TABLE ONLY public.items
    ADD CONSTRAINT "items_categoryId_fkey" FOREIGN KEY ("categoryId") REFERENCES public.categories(id);


--
-- TOC entry 4758 (class 2606 OID 24625)
-- Name: order_items order_id; Type: FK CONSTRAINT; Schema: public; Owner: postgres
--

ALTER TABLE ONLY public.order_items
    ADD CONSTRAINT order_id FOREIGN KEY (order_id) REFERENCES public.orders(id) NOT VALID;


--
-- TOC entry 4755 (class 2606 OID 24607)
-- Name: user_tokens user_id; Type: FK CONSTRAINT; Schema: public; Owner: postgres
--

ALTER TABLE ONLY public.user_tokens
    ADD CONSTRAINT user_id FOREIGN KEY (user_id) REFERENCES public.users(id) NOT VALID;


--
-- TOC entry 4756 (class 2606 OID 24653)
-- Name: orders user_id; Type: FK CONSTRAINT; Schema: public; Owner: postgres
--

ALTER TABLE ONLY public.orders
    ADD CONSTRAINT user_id FOREIGN KEY (user_id) REFERENCES public.users(id) NOT VALID;


-- Completed on 2025-05-09 13:31:53

--
-- PostgreSQL database dump complete
--

